number,values0,values1,values2,values3,sqrtPriceX96,tick,liquidity,position_token_id,position_liquidity,position_tick_lower,position_tick_upper,position_amount0,position_amount1
16219693,1183291642763,1000394553409571416973,0,197375394186033,2302457180693885351454651093163492,205553,31203981017892687890,-1,140888608279208173,199950,211150,1183758865207,1000000000000000000000
16222093,1149231175194,1029363755522294294882,150946656,143785676879429805,2318747899162385489001287554456344,205694,17540821031132433136,-1,140888608279208173,199950,211150,1183758865207,1000000000000000000000
16224493,1230128343379,961217238565026153611,325500548,256041806698352890,2280425969616657314568929983238151,205361,30523448134936311091,-1,140888608279208173,199950,211150,1183758865207,1000000000000000000000
16226893,1261262529560,935586761972566941909,453410839,348602181958056030,2266012770497242894086255374140612,205234,20905059435363221456,-1,140888608279208173,199950,211150,1183758865207,1000000000000000000000
16229293,1191734773348,991868980013732015901,94257174,81433677226065263,2270435262486917424056195007509857,205273,22227312718227892744,-1,140790736847547784,199630,210830,1202912423829,984010083809347990269
16231693,1180361063860,1001230961602619490782,144631437,127731588767607096,2275703596294866001551435142483199,205319,22737464002634911280,-1,140790736847547784,199630,210830,1202912423829,984010083809347990269
16234093,1186362719512,996285442755946392671,228183440,194032379197333906,2272920569657780836424575412085603,205295,46555465465107464655,-1,140790736847547784,199630,210830,1202912423829,984010083809347990269
16236493,1192612465859,990045348969753959251,42313010,37060996023347798,2275732877226366029629403759490668,205319,29001499457139979699,-1,140709745645145374,199700,210900,1198673699631,986530068081976516778
16238893,1194750293923,988282290616166440362,69708835,58761593270352078,2274740167921692629443616837354464,205311,31485966568595190915,-1,140709745645145374,199700,210900,1198673699631,986530068081976516778
16241293,1139595548959,1034265852897158288009,148398149,147168944066419006,2300631716006577619818717260285935,205537,22618611010766339865,-1,140709745645145374,199700,210900,1198673699631,986530068081976516778
16243693,1246814552494,944040650244427577642,129738443,81011135293057230,2270824349001401756389526076262986,205276,22381477162560579800,-1,140642955974512741,199940,211140,1183238941977,997717275395513486603
16246093,1256791610812,935861121181714379057,184229573,121522877961958833,2266216588496224172254804411624938,205236,22728336445874518659,-1,140642955974512741,199940,211140,1183238941977,997717275395513486603
16248493,1249066962344,942191143028368186235,358980565,267141261174756263,2269782469176920445513960727061014,205267,24520173141659983885,-1,140642955974512741,199940,211140,1183238941977,997717275395513486603
16250893,1202013498421,980594687418032844416,26710892,20608533945351222,2268318100384631286503934121351000,205254,24021694853194625550,-1,140587048072305962,199670,210870,1198845483886,983948841556260960716
16253293,1202081407335,980539024044153162248,40175253,31638452018568847,2268286731158999893110011846751513,205254,25077936307355277000,-1,140587048072305962,199670,210870,1198845483886,983948841556260960716
16255693,1198658221697,983346849109033815614,47131319,38751601129964765,2269869087596540109532934287558589,205268,29040769306209328916,-1,140587048072305962,199670,210870,1198845483886,983948841556260960716
16258093,1203323157576,979075938108262366136,24825652,18291234773223013,2267587315813470219639532896775164,205248,52934674799180299526,-1,140555177573331074,199670,210870,1198386490861,983647194930760016603
16260493,1201290084241,980742040723396959219,71817621,57795241549723639,2268526464772877677599875107247126,205256,33919981157358144666,-1,140555177573331074,199670,210870,1198386490861,983647194930760016603
16262893,1184352343887,994676338803345659146,128195524,111368896604969346,2276380951899290357379858535471998,205325,49644562439988786256,-1,140555177573331074,199670,210870,1198386490861,983647194930760016603
16265293,1206588869238,975207141939446740564,59924003,44579292033869913,2270884431433260243759806907927190,205277,26634674985542752592,-1,140472559907110022,199730,210930,1194755212857,986301405826763183589
16267693,1210103623805,972321685295272331141,81325999,60676187791569650,2269257000224747449767003218337749,205262,40454737982949317533,-1,140472559907110022,199730,210930,1194755212857,986301405826763183589
16270093,1204443368822,976970537190693580477,101105257,79248343540211685,2271879006926403194390768592727484,205285,27835644005111215114,-1,140472559907110022,199730,210930,1194755212857,986301405826763183589
16272493,1217977370735,964856766651125263113,45844988,28675921155697089,2261906885359996220194928071595333,205197,29663399384497135108,-1,140395604731305098,199690,210890,1196391939038,983749913686516917655
16274893,1202504003858,977508317300979977121,64048394,49891541896397943,2269046418772473712656074338185071,205261,30471760488793203094,-1,140395604731305098,199690,210890,1196391939038,983749913686516917655
16277293,1187473616547,989874378266816600869,183847223,154939965650239676,2276024844412917884940926155388337,205322,30145442851259332519,-1,140395604731305098,199690,210890,1196391939038,983749913686516917655
16279693,1188800694297,988339728363435970671,70852054,60268031780231762,2277864199504929741569984152946834,205338,30318983097693550206,-1,140363527896329596,199720,210920,1193650376701,985081059207037402477
16282093,1158739871391,1013342015097907960974,155739674,143792676935707892,2291976734764730524647172976596684,205462,44527166884556337562,-1,140363527896329596,199720,210920,1193650376701,985081059207037402477
16284493,1154217889830,1017129884269556072205,246984053,221991124643468699,2294114796687310314301475091637603,205480,28481803172235453393,-1,140363527896329596,199720,210920,1193650376701,985081059207037402477
16286893,1179899963067,995773012102011295346,78100910,67134631480478148,2295881444796256987966137647897260,205496,29388705238004048072,-1,140361762835472854,199880,211080,1183919147243,992643192669821013833
16289293,1181145671716,994727221943176047449,105389820,89502011732827950,2295291141347609522084232124270962,205491,30354505090207648262,-1,140361762835472854,199880,211080,1183919147243,992643192669821013833
16291693,1200348408696,978674021510413878751,172633116,136621319318161950,2286229801941009335625930386336055,205411,32016602782266760500,-1,140361762835472854,199880,211080,1183919147243,992643192669821013833
16294093,1187071185897,989415254777644518135,55903955,46670707608613368,2286334150877394754501952976104435,205412,33278324098993428204,-1,140336932785996701,199810,211010,1188001168323,989230421393399090379
16296493,1165541953744,1007423678557195272647,78464033,74588117770621945,2296500928057908692686916531695235,205501,25828375606727121241,-1,140336932785996701,199810,211010,1188001168323,989230421393399090379
16298893,1173084379195,1001096514878414748554,126640563,111882433710396669,2292928885102108861005253506423459,205470,43372356658723235500,-1,140336932785996701,199810,211010,1188001168323,989230421393399090379
16301293,1191691106443,985597855992874369237,28412757,20568806170620413,2289356359225518373773655147672726,205439,42378188684941587599,-1,140340321434375653,199870,211070,1184287875204,991926027872800221165
16303693,1188029594098,988657392724267078101,39523308,31395694668017513,2291083599628672870449027371380194,205454,42924927665178825051,-1,140340321434375653,199870,211070,1184287875204,991926027872800221165
16306093,1201208202255,977666966733114249676,72058980,52999697528666364,2284879030281614464207204238742434,205400,32732084478922653996,-1,140340321434375653,199870,211070,1184287875204,991926027872800221165
16308493,1170982288808,1002932956296191034724,33275814,35057471711429299,2293077548305357384347525269683844,205471,32827833995623133669,-1,140343004122025752,199800,211000,1188420129614,988410283902686182829
16310893,1171772912724,1002270774162434138791,53205342,51424963681603166,2292703725085343384815392822002991,205468,34870475237079230830,-1,140343004122025752,199800,211000,1188420129614,988410283902686182829
16313293,1177862112780,997178028269618321961,73144619,65450595777044329,2289828705402217339385757988142539,205443,32041391121869838731,-1,140343004122025752,199800,211000,1188420129614,988410283902686182829
16315693,1182790639468,992147342411610913653,28278224,24320452991595178,2290708496195966610536749903451587,205451,41613998803762160219,-1,140277207342851424,199840,211040,1185896956537,990589631221428954185
16318093,1225490345893,956763914412763955910,108247740,68736541765662846,2270724038015581554839051795576336,205275,34074887299631720643,-1,140277207342851424,199840,211040,1185896956537,990589631221428954185
16320493,1224898471089,957250155800347336549,136461666,91515063768455153,2270998665750238839289948174036779,205278,55631433194615930602,-1,140277207342851424,199840,211040,1185896956537,990589631221428954185
16322893,1189949731163,985623110220695268700,24329642,22111556320386486,2273391323993903897393796352854416,205299,41565434968958756401,-1,140238271212737294,199680,210880,1195098883326,981925256849970592728
16325293,1193916128266,982359989769560538249,42356651,35313170985850935,2271547811269663749874999379747656,205283,44067805984421317765,-1,140238271212737294,199680,210880,1195098883326,981925256849970592728
16327693,1178000034296,995486115888702351779,77814964,71093934632587218,2278963467811610924559834796119597,205348,34868252751847604933,-1,140238271212737294,199680,210880,1195098883326,981925256849970592728
16330093,1215483246573,964175175702565582018,36842696,20162561349115920,2267413241128174794655584358099024,205246,34396560796066577294,-1,140207170503532900,199750,210950,1190653500703,985146802924685694770
16332493,1274266735498,916600310159566275657,146691919,84684938129799008,2240529671869211346969474070439831,205008,46349079997479247951,-1,140207170503532900,199750,210950,1190653500703,985146802924685694770
16334893,1280158420198,911894158198314451183,219437973,140596387723225632,2237870323056566360458514750250784,204984,37964978180838903183,-1,140207170503532900,199750,210950,1190653500703,985146802924685694770
16337293,1209885125535,966955251133809043648,98155870,78078188217410125,2237978176821677259706955399236465,204985,79169642553445467750,-1,140061795962436547,199380,210580,1211741734499,966764584187822191120
16339693,1201397343826,973739328426372061063,114684552,94679855606070658,2241815697071586547358239406896202,205019,46861947663853502041,-1,140061795962436547,199380,210580,1211741734499,966764584187822191120
16342093,1199333234838,975392638859252595765,156433314,128948121106961924,2242750918177118550237177512722154,205027,35155260973602343653,-1,140061795962436547,199380,210580,1211741734499,966764584187822191120
16344493,1221761646971,957067459888379074052,24671991,14370152379217543,2236729089119601320024213576702796,204974,43247063135581770939,-1,140032953241677930,199430,210630,1208443499306,968343113533570715571
16346893,1207225753391,968686865649310379664,40909444,33185019514558103,2243303142916477552759593610578234,205032,36646409065359817286,-1,140032953241677930,199430,210630,1208443499306,968343113533570715571
16349293,1237990337737,944175098137932255978,125906420,88807537182326365,2229434819390145411590537743417659,204908,74873772286591348812,-1,140032953241677930,199430,210630,1208443499306,968343113533570715571
16351693,1227886368892,952017355125972613542,60189469,40752162769454776,2223813333336675713498950841213879,204858,44451717998562266146,-1,140011646411712518,199310,210510,1215308653176,962314393291612360854
16354093,1218053104465,959779686501197969380,77734794,58528203139046081,2228205791160344878925813885709975,204897,45748563285637862160,-1,140011646411712518,199310,210510,1215308653176,962314393291612360854
16356493,1214838793172,962323702617344484712,88104875,68009291921814481,2229645369420115293345991458633752,204910,42593397269086402541,-1,140011646411712518,199310,210510,1215308653176,962314393291612360854
16358893,1210596754338,965624201326241769226,13649925,12478291857354200,2231530596678373180380655683492070,204927,48015067637041990911,-1,140007142070444676,199310,210510,1215051799327,962292743522010224437
16361293,1215432486806,961791663036508324747,23033611,17994429876685189,2229361814700748332519875387727522,204908,54394367611444108764,-1,140007142070444676,199310,210510,1215051799327,962292743522010224437
16363693,1218032519246,959734096760348445456,91543404,71268220266944658,2228197465561834816132298399780451,204897,36674822253189956517,-1,140007142070444676,199310,210510,1215051799327,962292743522010224437
16366093,1276476620061,913537720496584940323,175667050,112653804780350222,2201360924824283889381345052573558,204655,32297721334918104238,-1,139967161809111661,199300,210500,1215804755077,961638897473562287266
16368493,1317919882104,881804148191452531152,376986312,250042818746524691,2183398192771618103590543961080665,204491,29233126918046076615,-1,139967161809111661,199300,210500,1215804755077,961638897473562287266
16370893,1365362167219,846106926609342994494,549644655,361978422478531228,2163191844109120860013032082947479,204305,30966642994153650753,-1,139967161809111661,199300,210500,1215804755077,961638897473562287266
16373293,1218089404162,955468601515344397634,77112704,70326717770495635,2177047913533895727235566349617181,204433,33759706583917368672,-1,139732188547134556,198710,209910,1250662052565,932332618661479795035
16375693,1228871954666,947344442520051071014,117833264,97000977955726635,2172441514708662258572422703353044,204390,36269417202432978765,-1,139732188547134556,198710,209910,1250662052565,932332618661479795035
16378093,1234458847878,943148480782783668261,195615208,153317368959686780,2170062404055058501541495858698275,204368,31611291942424303057,-1,139732188547134556,198710,209910,1250662052565,932332618661479795035
16380493,1252678741730,929466914947113921579,73767815,52583034556083104,2167230472076474427397190488652817,204342,45194580980919995608,-1,139728872915230250,198770,209970,1246012650757,934776378993931493935
16382893,1251008633583,930716994468014704506,117788561,86229108983922007,2167939284087702534485571580682780,204349,40081754249823178950,-1,139728872915230250,198770,209970,1246012650757,934776378993931493935
16385293,1259110022142,924660712852417088071,190019899,137426418739576377,2164505290425105555554030659647570,204317,30692586226996123576,-1,139728872915230250,198770,209970,1246012650757,934776378993931493935
16387693,1368361982819,844734781032197448325,291450087,168006868574475695,2115201220850083357671038192421691,203856,21310981648471689949,-1,139696727866328354,198720,209920,1249172415030,932353318522700236275
16390093,1360679471034,850218630817933110643,380039014,234073004007606717,2118311353411268436104058557011698,203886,46507617161263046067,-1,139696727866328354,198720,209920,1249172415030,932353318522700236275
16392493,1408177658518,816570013666992208093,707761449,451845406149860620,2099227741728066050182549987390215,203705,23194759522812112307,-1,139696727866328354,198720,209920,1249172415030,932353318522700236275
16394893,1254669975867,924011566632360308155,276899741,204737051879290752,2111918271059367808024174160989481,203825,40748552579394478771,-1,139456835403309545,198110,209310,1286297300931,903028182487458326369
16397293,1262108426970,918733674425795067219,344820360,250278607788904538,2108919797013508335386197139668639,203797,43380022674034040089,-1,139456835403309545,198110,209310,1286297300931,903028182487458326369
16399693,1276428375773,908615154262204755181,562840068,399191376499193692,2103171267315366563302063409317523,203742,38820514599532418828,-1,139456835403309545,198110,209310,1286297300931,903028182487458326369
16402093,1537793314948,732821286374656145491,983735678,567557836564645540,2005673600207200621819883105016204,202793,26248021971418039286,-1,139459463200202038,198140,209340,1283480477650,904439204636620435463
16404493,1461426005215,782449808969618982743,1334229293,819148471132668707,2033868005687250246810745622308501,203072,18585634242932822116,-1,139459463200202038,198140,209340,1283480477650,904439204636620435463
16406893,1489306545913,764170305099361939061,1550992055,951803197104508036,2023483256814140064969947285876694,202970,42380191361052624932,-1,139459463200202038,198140,209340,1283480477650,904439204636620435463
16409293,1314175866969,880310045780752151688,174647524,119512447690511383,2030050017390699777708018589036623,203034,27479569615198292112,-1,139289321627595401,197370,208570,1331871532153,868765165819618999664
16411693,1323896013793,873939871957508690399,258739508,171449756558734672,2026426644392578598638999055998126,202999,33612788072653688802,-1,139289321627595401,197370,208570,1331871532153,868765165819618999664
16414093,1359124629545,851041857006894519996,462382970,291973529002166963,2013402188328303396547003676243481,202870,34254521953340331017,-1,139289321627595401,197370,208570,1331871532153,868765165819618999664
16416493,1382992785172,836376273267780566993,249512205,145618816443718731,1997308295743482768109040238595696,202709,26461917718670048468,-1,139325899429661163,197270,208470,1338913494990,864678028461599124455
16418893,1336091446567,866438252287260450251,431675687,277449392586916545,2014403145796528282055923504819480,202880,31528008667189367514,-1,139325899429661163,197270,208470,1338913494990,864678028461599124455
16421293,1382178262513,836893997180867993159,601792132,372526196120736994,1997602701266730939262724976671875,202712,27197032144463394391,-1,139325899429661163,197270,208470,1338913494990,864678028461599124455
16423693,1329272065492,870607311307946829900,255439661,168112768044961231,2004686385266500081826228385205527,202783,34796651481075742494,-1,139315509815425263,197110,208310,1349909948626,858151297988272971999
16426093,1328753547967,870939311285390533612,326664970,213767970175507563,2004875192300278954405713558587826,202785,43360405094737958825,-1,139315509815425263,197110,208310,1349909948626,858151297988272971999
16428493,1381691200295,837363680992357325054,588953934,363001015915794554,1985780868223228081637762091800264,202593,19776060555958963533,-1,139315509815425263,197110,208310,1349909948626,858151297988272971999
16430893,1342799214088,861499594313122563918,143941826,95423867405717310,1990593509814868374628787420833234,202642,22759494985637333910,-1,139282381210480391,196990,208190,1357892588905,853039014649308276036
16433293,1326483956743,871829110308892237013,235336961,158346872888041034,1996469260680800242466117235489215,202701,35373551960573164585,-1,139282381210480391,196990,208190,1357892588905,853039014649308276036
16435693,1271129809367,907333945301555010284,924639850,620732259311915869,2016665518185831760304371657089293,202902,29859257709298172098,-1,139282381210480391,196990,208190,1357892588905,853039014649308276036
16438093,1302783007627,887446832850061721299,245728328,172661216828483008,2028838800766405821763767463664660,203022,33696954501961984344,-1,139269351791256522,197300,208500,1336698757460,866048315957377990760
16440493,1295878762979,891980021266483164096,304352182,213324782997013928,2031417660967481065626516453041691,203048,34616326649231531485,-1,139269351791256522,197300,208500,1336698757460,866048315957377990760
16442893,1337816549212,864620751396237160679,468484810,306879406741987289,2015853398969619509428591419443296,202894,18984612741901595042,-1,139269351791256522,197300,208500,1336698757460,866048315957377990760
16445293,1349154387540,856689624662898504449,172651211,106568651356967395,2010752713884652180292562778191765,202843,29632566104400632444,-1,139219939883099659,197290,208490,1337164678185,865652562191511267790
16447693,1346138019971,858633557672351874919,226776846,142218238205335883,2011858979556934020256107640958801,202854,28771142936100081200,-1,139219939883099659,197290,208490,1337164678185,865652562191511267790
16450093,1420909037067,811068686923050520287,464407770,268756107677919933,1984790462555275028533850273140276,202583,14060143613051163574,-1,139219939883099659,197290,208490,1337164678185,865652562191511267790
16452493,1451780169029,792215950909815201075,533222456,295445559430014859,1950933459187174002776619629417220,202239,19916586510968644041,-1,139127798934872816,196980,208180,1357066990337,851670193036315274454
16454893,1444472058671,796652986897019375351,775466520,444515069881299493,1953460187928425852430767494585481,202265,20873964328099040707,-1,139127798934872816,196980,208180,1357066990337,851670193036315274454
16457293,1477307211965,776807161573814652134,1058368872,605397174299041874,1942158720601449745188999242677570,202149,14907345375516064369,-1,139127798934872816,196980,208180,1357066990337,851670193036315274454
16459693,1313344123681,877024452787265478014,241299087,169681698109875340,1967349778924444219211842629566889,202407,20783907229316700018,-1,139121989006435130,196550,207750,1386014176380,832871387891154100022
16462093,1317412694454,874517589761731888849,292456613,199890425596614611,1965922153050156376519087903430135,202392,72845833718510759412,-1,139121989006435130,196550,207750,1386014176380,832871387891154100022
16464493,1351414159293,853708872601520286979,531046764,334688403627611999,1954071859385893513560846923558038,202271,22106873384217995782,-1,139121989006435130,196550,207750,1386014176380,832871387891154100022
16466893,1360219934838,848515298760491074580,190299669,122378786950339722,1959937284854988191758473983071610,202331,24052911859601020617,-1,139124956945855740,196670,207870,1377951210034,838215589165591179758
16469293,1363998361049,846204594063062409848,262665953,165564549829781715,1958621396668502714206710681968219,202318,35867837140986387868,-1,139124956945855740,196670,207870,1377951210034,838215589165591179758
16471693,1322509688479,871748359338482858119,613641058,393382056315223223,1973167928296576062781059218877800,202466,19852393296210528670,-1,139124956945855740,196670,207870,1377951210034,838215589165591179758
16474093,1407914647359,818826962442896520151,161329301,85711172498011929,1957983639369773137553707439165359,202311,26087669704018583292,-1,139091403920136972,196870,208070,1364603346603,846399425980090743634
16476493,1384283014984,833320687436692020642,233000879,136959034901961718,1966239442150402328697506210944817,202396,27078971608520001830,-1,139091403920136972,196870,208070,1364603346603,846399425980090743634
16478893,1380433753095,835693095973401990600,427678619,259328262297594667,1967590795029151102304770483408411,202409,28293103308339334882,-1,139091403920136972,196870,208070,1364603346603,846399425980090743634
16481293,1235287941589,927692810456569708952,460740996,338947562529450863,2015380890755666833544871705321883,202889,23108943424703539666,-1,139129919356753711,196810,208010,1368133212574,843798564033753861956
16483693,1234887519328,927951932950357325005,534119410,386368376192782188,2015528449232979428411700102547781,202891,33574258974549640823,-1,139129919356753711,196810,208010,1368133212574,843798564033753861956
16486093,1279722498717,899171994694568438945,762158052,519511168333727762,1999139583086702534734572381616347,202728,21700857129987049876,-1,139129919356753711,196810,208010,1368133212574,843798564033753861956
16488493,1424656576019,808047628940504538658,615517482,357649149755810750,1971288107563694554719008003013299,202447,33269750413078478504,-1,139113014857573143,197130,208330,1346762875837,857468560521320144288
16490893,1407041727032,818986950087921942390,701940567,416850648944603018,1977518310500139163519771757231229,202510,34345849657074470659,-1,139113014857573143,197130,208330,1346762875837,857468560521320144288
16493293,1405673891889,819839308425890471426,899856140,540807229174633175,1978003748796405679749690590211481,202515,41797690618973105830,-1,139113014857573143,197130,208330,1346762875837,857468560521320144288
16495693,1290675639606,891979862584651041132,201961805,150644288766407984,2003428452733999315353052525191379,202770,23019630717351091681,-1,139079735899591377,196920,208120,1361372218428,848539250941602869174
16498093,1320057069916,873292516980612775861,270268954,184582231017711524,1992783019415475758159375354826554,202664,31220067476301072311,-1,139079735899591377,196920,208120,1361372218428,848539250941602869174
16500493,1372809979879,840233981340582537016,515504868,322134608406959305,1973950893964340136464224411645005,202474,29896126365261066688,-1,139079735899591377,196920,208120,1361372218428,848539250941602869174
16502893,1344341729590,857416666019038024026,98612957,67122390716049840,1980160660191427159721354658072139,202537,33868238769663547444,-1,139035648365149256,196870,208070,1363714126220,846519292585711265638
16505293,1310776148823,878510922675412290921,150469422,108409123633216233,1992181024854305527887372294970598,202658,35164215026390760925,-1,139035648365149256,196870,208070,1363714126220,846519292585711265638
16507693,1299463876516,885677927411029495708,224461555,159014332743659928,1996265075402569912533329026289057,202699,33945362875976907358,-1,139035648365149256,196870,208070,1363714126220,846519292585711265638
16510093,1380331315973,834553440912778426025,182822840,104947167385285400,1984454706808137865638086049353906,202580,27448733260606102437,-1,139014821689442945,197100,208300,1347495732131,855469732367695633270
16512493,1403305253197,820199715214565588726,284746502,161379434605180377,1976274145206989247533938237200953,202497,24501614095076467334,-1,139014821689442945,197100,208300,1347495732131,855469732367695633270
16514893,1473411303475,777121113619827662189,514511287,280428927879668429,1951722529727743295591360456784094,202247,25823330631872057357,-1,139014821689442945,197100,208300,1347495732131,855469732367695633270
16517293,1364478619612,843267913578995597393,106153002,68690193964938863,1956227052113066689624489886952909,202294,28254343469574223454,-1,138906875116833211,196650,207850,1377462805928,835904886102425242164
16519693,1256597550954,910323284719267639239,306024824,227630941776849082,1994473350848729313859732777636135,202681,20796084126694714666,-1,138906875116833211,196650,207850,1377462805928,835904886102425242164
16522093,1207164820369,941932965221260903904,507944847,372336633983729538,2012502529762512294266486553969305,202861,70586030581114909159,-1,138906875116833211,196650,207850,1377462805928,835904886102425242164
16524493,1367863362804,838694683852693517422,136531825,76325746345610427,1999910920514656040204025993776970,202735,22043529791164891068,-1,138731075083494339,197260,208460,1334012185467,860742998906081839485
16526893,1372424860502,835790599061658858148,222309012,129354336400367076,1998252421857157551673082067772395,202719,21988203561433580225,-1,138731075083494339,197260,208460,1334012185467,860742998906081839485
16529293,1401569471927,817348737778035532496,445299034,260556987951526868,1987720428344059880282212842891369,202613,32094363449717172828,-1,138731075083494339,197260,208460,1334012185467,860742998906081839485
16531693,1338673532228,856559810841016282916,131074676,86095605303310146,1991448411735413554780609177222613,202650,34773127158823346492,-1,138666630989314468,197010,208210,1350471383802,850035023686648883575
16534093,1333964755288,859537352997565865002,238856972,156064625569516067,1993149651552009099297785090390526,202668,27708642889692727345,-1,138666630989314468,197010,208210,1350471383802,850035023686648883575
16536493,1423537471498,803755149940009452745,703498199,419244538010443888,1961278094438976353858817738454856,202345,15219719973312335965,-1,138666630989314468,197010,208210,1350471383802,850035023686648883575
16538893,1441343461287,793114682682173054001,396674606,216066730610632206,1936004646461854570747779407270962,202086,29334939072291758942,-1,138603827583236042,196750,207950,1368250807569,838464926775086749676
16541293,1444473211948,791246910957033554433,491572704,272114598527452546,1934936998299757219387720843410488,202075,29929268909792706007,-1,138603827583236042,196750,207950,1368250807569,838464926775086749676
16543693,1432345026137,798496266829429580332,814135480,467746801848087064,1939080845949541720373190918149996,202117,29777859678953675787,-1,138603827583236042,196750,207950,1368250807569,838464926775086749676
16546093,1336215369535,856733537608433177065,302445230,198071350196698505,1955397100724267163935430026855517,202285,34560138258719114748,-1,138609816697070781,196520,207720,1383472045232,828710904495660792669
16548493,1354094997311,845877063235181491909,384025529,242255554512070418,1949191634643493479818702845621955,202221,39440225458829786264,-1,138609816697070781,196520,207720,1383472045232,828710904495660792669
16550893,1362567129520,840756826304231527376,658195239,405391513050076873,1946264951863417234668222401906733,202191,37614809310521844672,-1,138609816697070781,196520,207720,1383472045232,828710904495660792669
16553293,1364637441663,839828007850840240500,72826528,47832325887337381,1950795119305904905850365205782338,202238,44773321554969821817,-1,138632225210814903,196590,207790,1378564179044,831901190252415282396
16555693,1442434203024,793305203188396667267,159755264,76716103238121165,1924207388186315906238755911329662,201963,24543027600830133334,-1,138632225210814903,196590,207790,1378564179044,831901190252415282396
16558093,1415733119095,809128966103371815758,267140472,148576306694768935,1933250651092241174710866598919156,202057,31976394798965497564,-1,138632225210814903,196590,207790,1378564179044,831901190252415282396
16560493,1365501725134,838808316474853324725,115603260,76035415694317563,1940797217617981702549418031338106,202135,32615997212905847986,-1,138599324432674059,196460,207660,1387587964565,826185724519492630535
16562893,1332786801684,858553695899179067333,193515584,133062583392421437,1952084358708602303239563201417163,202251,26929306717817595009,-1,138599324432674059,196460,207660,1387587964565,826185724519492630535
16565293,1288257242575,885801904120409250789,427951081,290225279740827632,1967660375965618650274278557060127,202410,31377589196524539063,-1,138599324432674059,196460,207660,1387587964565,826185724519492630535
16567693,1354396731276,845387392333747282913,104598159,66675983716569573,1970477265583508771348377364555968,202439,24230872477310702920,-1,138564169877339190,196810,208010,1362625092424,840460861679379876508
16570093,1378535547677,830520436009391757820,173869140,101750574554924421,1961976643577104065755225056137098,202352,32134219515547099949,-1,138564169877339190,196810,208010,1362625092424,840460861679379876508
16572493,1399229645458,817876806001789394818,323405710,186565996307248314,1954747274152819926734755980540722,202278,34967913757155607844,-1,138564169877339190,196810,208010,1362625092424,840460861679379876508
16574893,1358171330900,842982052650181854148,133223222,86490162524491380,1959473077617256754459269410671311,202327,47751234121266669711,-1,138562596803744456,196680,207880,1371716091606,834999658350512523145
16577293,1367162657238,837491111728398420701,196563774,122374114180363948,1956333434093373792466728682972106,202295,38691709652860923637,-1,138562596803744456,196680,207880,1371716091606,834999658350512523145
16579693,1413768294701,809309035450659093264,487960947,285177796077218196,1940219315486859724820256281237740,202129,32412431257137524672,-1,138562596803744456,196680,207880,1371716091606,834999658350512523145
16582093,1394970346025,821090852323030429454,186031737,106962657830077912,1935818948320206268797745016726266,202084,34686364530830980813,-1,138591537401868015,196530,207730,1382105942585,828865024245729503946
16584493,1393807547394,821785179007977169666,257987313,150330913927514185,1936215871743268096299064271035728,202088,36826993245513050917,-1,138591537401868015,196530,207730,1382105942585,828865024245729503946
16586893,1357671318715,843505558955945284369,535871184,329892941445415125,1948632688993799522815513820292270,202216,34393644087062819123,-1,138591537401868015,196530,207730,1382105942585,828865024245729503946
16589293,1333052981825,858283602451679839888,165222698,114775756077929061,1963802433372119237667026533694644,202371,30284705389207863933,-1,138560992279660474,196620,207820,1376571194836,832720923180725232982
16591693,1356900873504,843694195991705381688,266101380,169245143576623792,1955460317405855411886221140207210,202286,33135625209740491889,-1,138560992279660474,196620,207820,1376571194836,832720923180725232982
16594093,1187606442302,950030008651397880527,691475839,491895242661338148,2016262357777250537274159969298798,202898,29436251017485909493,-1,138560992279660474,196620,207820,1376571194836,832720923180725232982
16596493,1331416478359,857412669780604058649,192398656,123637863641766779,2014973343955034025585227928856056,202885,38463647977405349589,-1,138355852343470429,197300,208500,1327938568311,860028614970390122115
16598893,1323608969808,862469934039620275236,335617717,218836210359820285,2017869338217685301302947439315881,202914,39149973045275927672,-1,138355852343470429,197300,208500,1327938568311,860028614970390122115
16601293,1272810312000,895732782899099223667,641031067,435813617234847805,2036916992151281868140216521600215,203102,20621496624635381481,-1,138355852343470429,197300,208500,1327938568311,860028614970390122115
16603693,1321689176509,863611580665511581008,104483198,66255686361818830,2033866166799284115202261199085173,203072,24858675647005487229,-1,138348145210276974,197500,208700,1314624616437,868938929118972847853
16606093,1330864239933,857575487861379139165,148154809,91986042366560148,2030409463126747548477089621102762,203038,230052665864938716286,-1,138348145210276974,197500,208700,1314624616437,868938929118972847853
16608493,1356452914141,840849099274583564834,246077812,147750426221878006,2020830722253733404880357470988314,202943,35626606935268826344,-1,138348145210276974,197500,208700,1314624616437,868938929118972847853
16610893,1317354525290,865548496055732790940,37984401,26589001665475889,2022970721100767329847052211597542,202965,241796861846826757580,-1,138275615619412972,197340,208540,1324685050817,861813591087872035637
16613293,1307653163488,871884733290423049902,71026201,51336876955103637,2026601212500933579212239785819684,203000,43818103027824881951,-1,138275615619412972,197340,208540,1324685050817,861813591087872035637
16615693,1278110167949,891320958706300117438,191536293,140267313539077521,2037737640417127879665017623552978,203110,17154341082929036316,-1,138275615619412972,197340,208540,1324685050817,861813591087872035637
16618093,1326282376231,859587987206978447231,114754897,71391299144975673,2032613921616778683280904399564781,203060,46636095089884692258,-1,138268893088006987,197510,208710,1312947630920,868529895043381176476
16620493,1269373740050,897444357039842866682,482074635,338890159042295068,2054305645288922734226787391610051,203272,20460227904752417218,-1,138268893088006987,197510,208710,1312947630920,868529895043381176476
16622893,1275155664186,893561309498465587971,799041365,550201311522799811,2052080656610789330331941961273400,203250,37290643495291076008,-1,138268893088006987,197510,208710,1312947630920,868529895043381176476
16625293,1328445124051,858740210407747849859,86904454,49728387908997347,2042743501779952543955378702248421,203159,39910988610397195498,-1,138325792908662545,197650,208850,1304365390305,875042107419273013152
16627693,1384737520889,821707531066855962208,317076782,183359698885740858,2021532481944366402912030186471991,202950,29611289500073296788,-1,138325792908662545,197650,208850,1304365390305,875042107419273013152
16630093,1414126524514,802677514235273285247,736442568,443990836366928788,2010632755765479640294048541279387,202842,23084851664849070489,-1,138325792908662545,197650,208850,1304365390305,875042107419273013152
16632493,1323829633487,861004520656540807428,83391900,55685429804860560,2012840486775929677647087718432148,202864,39444290752576426910,-1,138250652294280639,197240,208440,1330918781731,857152099467270649987
16634893,1363639033944,835496330785994650150,246512577,146841836534943849,1998222349508797602434183103563981,202718,29341322613279799274,-1,138250652294280639,197240,208440,1330918781731,857152099467270649987
16637293,1524794195609,735912532630206743130,708236789,379848161391406916,1941153241962887959325305305670860,202139,19878076661771327899,-1,138250652294280639,197240,208440,1330918781731,857152099467270649987
16639693,1402073397560,810224030385274313794,291657756,164617263651225958,1932204816807448805254257917719283,202046,34261739835564348455,-1,138035819357992876,196540,207740,1375981539379,825986754290155777142
16642093,1403188028316,809561214881617229096,447048458,256796865696445392,1931824381825536433208714107670480,202042,31069667640537230798,-1,138035819357992876,196540,207740,1375981539379,825986754290155777142
16644493,1356015385102,837842578372742751484,1055683280,628303840230262604,1948056983430115020008076810224441,202210,30783279908826780106,-1,138035819357992876,196540,207740,1375981539379,825986754290155777142
16646893,1386469899149,820630044957862169648,173763669,100733588943255726,1942996353958230276354523775213155,202158,33282346192101612643,-1,138131126708762530,196610,207810,1371979628500,829453049667851614651
16649293,1403024436347,810702833456698625993,342377002,197066785221561283,1937302382259976071973383466610280,202099,29152738548791479218,-1,138131126708762530,196610,207810,1371979628500,829453049667851614651
16651693,1441084371002,788098719933196252563,879903622,502738564471814214,1924337293055231900908870500429390,201965,20539741481316784705,-1,138131126708762530,196610,207810,1371979628500,829453049667851614651
16654093,1385703678770,820585427228969309135,106539738,63856353280678361,1925571891266408227015884992358701,201978,27005977405892708588,-1,138083498621238781,196370,207570,1389348750464,819623685074887941197
16656493,1392547578065,816547661821194172207,170937433,99837609204090014,1923255142798155855782944515496650,201954,39116611316342144227,-1,138083498621238781,196370,207570,1389348750464,819623685074887941197
16658893,1382011500558,822767781667379682945,266346217,159231325259782753,1926824060669968723321462670339645,201991,28016689557016501109,-1,138083498621238781,196370,207570,1389348750464,819623685074887941197
16661293,1391597680916,817128123263074533153,84676195,48319511630519219,1925036601889590471503459509057834,201972,43114708251389529318,-1,138085557837454540,196390,207590,1386812736138,820243457951961019841
16663693,1425273130994,797364507164576024168,184401942,96946269519082872,1913697001915170472693735125780674,201854,14971865558806010287,-1,138085557837454540,196390,207590,1386812736138,820243457951961019841
16666093,1376588929044,826012190742959422729,348283998,208114218588117825,1930133936854283589569849964097596,202025,29778594210138754985,-1,138085557837454540,196390,207590,1386812736138,820243457951961019841
16668493,1403867473870,809121245646571620351,99398400,53462040908000430,1923569239022118006687685762324541,201957,41305706443080473918,-1,138022675592859094,196430,207630,1384532237025,821710427703907928079
16670893,1414228632842,803024837969410710609,346510613,180644415676723733,1920069762025859119867526668229049,201920,22271755260939038061,-1,138022675592859094,196430,207630,1384532237025,821710427703907928079
16673293,1409463249083,805825987341640828418,452416614,244353834569849856,1921677685627807170588588123999315,201937,23489881232945520962,-1,138022675592859094,196430,207630,1384532237025,821710427703907928079
16675693,1401317840174,810539220615163911901,152831343,85939641851155955,1917873741284779709409636380353819,201898,20598495823968511817,-1,138010367863972369,196340,207540,1390032233993,817761759692856530804
16678093,1327763598617,854203675128182044247,426680001,271572565512563526,1942940368899770616807441978690417,202157,32426425445917266756,-1,138010367863972369,196340,207540,1390032233993,817761759692856530804
16680493,1324569037494,856125959232803054583,636836054,399486062361647018,1944043902205251053889359483064341,202169,35142510923138656016,-1,138010367863972369,196340,207540,1390032233993,817761759692856530804
16682893,1318050928668,860921418299699777930,152958765,110162047012359886,1963537721368519909495749105534031,202368,37102235710009804732,-1,138026899097958633,196570,207770,1373897296273,827193737523646954982
16685293,1271025510963,890051022130877421215,331471609,234491918090533679,1980258266431803245696048467769441,202538,27805883541995519466,-1,138026899097958633,196570,207770,1373897296273,827193737523646954982
16687693,1336759237605,849468993621302078414,561524163,355785394853749806,1956963969661191407550075157539393,202301,26811806671266437975,-1,138026899097958633,196570,207770,1373897296273,827193737523646954982
16690093,1414927579156,802337333428283176040,183585639,94896263414210009,1939444023007724116815568352006505,202121,34922263727862698206,-1,138041173072080224,196700,207900,1365107822777,832862766704494404401
16692493,1387893815891,818614875999484201980,432052177,253249707811317535,1948786451498175778852924248911013,202217,26619048001170815135,-1,138041173072080224,196700,207900,1365107822777,832862766704494404401
16694893,1399778486650,811439614052710021860,577915566,338094447409998149,1944668239468025906057501433522918,202175,26913468156467427438,-1,138041173072080224,196700,207900,1365107822777,832862766704494404401
16697293,1361046962608,834320427771872274899,114145087,72661485949277076,1949119019220652160015215161780248,202221,36209233566607443715,-1,137993596365716126,196580,207780,1373884766583,827717587567426644727
16699693,1263320591162,894515720418602004764,375595341,265337227708317618,1983679770980243814268388484603051,202572,21924685027478749301,-1,137993596365716126,196580,207780,1373884766583,827717587567426644727
16702093,1282680130925,882422104756480917494,582956280,388514085101985620,1976736296990883890601581769998370,202502,26050842439205328349,-1,137993596365716126,196580,207780,1373884766583,827717587567426644727
16704493,1341978474787,845555977379019259595,53710460,35965603892392537,1979463278893885995851089255526932,202530,27198927525502343811,-1,137941352445372127,196900,208100,1350699049657,840808125609731455968
16706893,1334660807997,850129853058337483260,131191130,86790452590530416,1982090335677199585188794884997382,202556,26577649046579653887,-1,137941352445372127,196900,208100,1350699049657,840808125609731455968
16709293,1324568536539,856457937866373021154,285489498,187542410838333311,1985724942143550113834891439696610,202593,32616389953006093539,-1,137941352445372127,196900,208100,1350699049657,840808125609731455968
16711693,1365074067379,830546023440206536275,101783359,56513210420094853,1977743116650625623583192021240282,202512,37019300950177660673,-1,137893938773335944,196990,208190,1344277150128,844438120910560691925
16714093,1370552556816,827135579441162686749,169084919,96711150450110370,1975783616372327010616338498100708,202493,25684263633382944454,-1,137893938773335944,196990,208190,1344277150128,844438120910560691925
16716493,1431840065224,789438784339288183745,306993765,162266126993516935,1954124594698375418793863572023592,202272,20101542197052562680,-1,137893938773335944,196990,208190,1344277150128,844438120910560691925
16718893,1353361476211,836866908582099822156,59494296,39468179246889873,1957840224270072946353747356693770,202310,28650539777083599572,-1,137813145290989349,196670,207870,1365035600886,830403769951322076594
16721293,1320457540174,857079086935908261121,242701462,160783561495166995,1969460115449550537275445221878555,202428,24986392510639414686,-1,137813145290989349,196670,207870,1365035600886,830403769951322076594
16723693,1344413545403,842339780853368582172,360028557,225547783831179892,1960986554127158377649485605895463,202342,28962307439083606407,-1,137813145290989349,196670,207870,1365035600886,830403769951322076594
16726093,1341425445913,843963795068674054359,80049371,54810369098665292,1967177468511231431795764185242709,202405,29682667788319521692,-1,137790446494974670,196740,207940,1360058321934,833196804772530274628
16728493,1372026099411,825202170261650703551,183141737,108400807814261055,1956389717276992479394105399845068,202295,40240933384819190241,-1,137790446494974670,196740,207940,1360058321934,833196804772530274628
16730893,1332914349601,849218883078530800956,377649798,240951291710974294,1970199092850672678399310091307215,202436,20581957405295754616,-1,137790446494974670,196740,207940,1360058321934,833196804772530274628
16733293,1417412415599,796950293927267715730,148138287,70726880917520649,1947717286862910367399227811711256,202206,46330142926041113786,-1,137747037342504019,196840,208040,1353474715143,836972538389754605026
16735693,1416227006503,797666854345301156392,271191639,145442334898305257,1948129431953988306715058305470238,202211,45878010441018073604,-1,137747037342504019,196840,208040,1353474715143,836972538389754605026
16738093,1405752253924,804011874905317453747,383162145,216398726325787625,1951778906598117022107283344579222,202248,34835422333715215755,-1,137747037342504019,196840,208040,1353474715143,836972538389754605026
16740493,1355914344676,834321829387541576890,71075177,46216266933472745,1955183759810663326540448261686555,202283,35374866410421264280,-1,137731993895750977,196650,207850,1365650659548,828784635602558677333
16742893,1351848656693,836799630956536927400,230069304,145130258139484470,1956609076179313668079443667126005,202297,27737013717977510507,-1,137731993895750977,196650,207850,1365650659548,828784635602558677333
16745293,1227333735957,914473742333325508210,483379127,344082729445687496,2001289886681259969657042272426435,202749,19785007731975100645,-1,137731993895750977,196650,207850,1365650659548,828784635602558677333
16747693,1327511190483,851048581791293571362,114808433,74173375551047314,2002480748890547382122428815846613,202761,25973710349637472004,-1,137638970403354066,197150,208350,1330751631805,849098044792390648525
16750093,1317869372775,857218878754857219342,220636841,144742911054401861,2006032513984095187575257213085719,202796,30702072365683938870,-1,137638970403354066,197150,208350,1330751631805,849098044792390648525
16752493,1336045284992,845605373956937093948,323093766,204224111346368011,1999347513051631205880653675018113,202730,28378913021186622536,-1,137638970403354066,197150,208350,1330751631805,849098044792390648525
16754893,1330373668069,849592575831361048030,17269531,11596580830023926,2000023538321965131109433137618175,202736,102913585958991832325,-1,137669185586042123,197130,208330,1332270507964,848417894440007533736
16757293,1312995579034,860702195086383830696,50177715,38196886018383311,2006417087583273361729583983732714,202800,29753745346065341394,-1,137669185586042123,197130,208330,1332270507964,848417894440007533736
16759693,1328478166512,850800907522869700898,197760617,127499041152163343,2000718929227478627888945984624812,202743,25180157031486505657,-1,137669185586042123,197130,208330,1332270507964,848417894440007533736
16762093,1332541422058,847454060164117222974,73192688,45609648559415666,1999766249223391959970093475456222,202734,100630084990299726789,-1,137607753766964414,197140,208340,1331528020285,849108726276350798671
16764493,1327365861350,850754480010619983682,106218278,68257886007372979,2001666477900962302323999493638472,202753,24742176000821679128,-1,137607753766964414,197140,208340,1331528020285,849108726276350798671
16766893,1320431578738,855186268910552948248,188961210,123353377207732058,2004218096407775658225432212785190,202778,33161904512407531315,-1,137607753766964414,197140,208340,1331528020285,849108726276350798671
16769293,1329256486978,849463219276911483617,87243252,55371749414156271,2003974237562798457737875669927826,202776,33851540098072412404,-1,137600818471269618,197180,208380,1328594572313,850204236389301611561
16771693,1330274179221,848812250245239185855,149818242,94854677396397519,2003599420895237321668755949038561,202772,34683599181498280277,-1,137600818471269618,197180,208380,1328594572313,850204236389301611561
16774093,1350155276800,836143930108900460845,207704662,125372788418308473,1996305222083809924719472540293774,202699,25084016600536976622,-1,137600818471269618,197180,208380,1328594572313,850204236389301611561
16776493,1315606518799,858282412392466298011,17275562,16804368527450449,2002969146681947024527436459270724,202766,26477285838022738214,-1,137610832325895781,197100,208300,1333776776104,846794188270805222143
16778893,1290488366816,874410606778103980475,216756298,153326206518958830,2012254805261649464135929147199561,202858,30959528446877694895,-1,137610832325895781,197100,208300,1333776776104,846794188270805222143
16781293,1309268006839,862338269860809391450,307645425,205724097237398267,2005304269064431949844317798327430,202789,41907833734523231194,-1,137610832325895781,197100,208300,1333776776104,846794188270805222143
16783693,1314274907223,859452227956135818195,36829398,28105234385430545,2010375648914711511539326793556584,202840,35260738217211896348,-1,137630764405619106,197190,208390,1327992052961,850740023245697760479
16786093,1325417053707,852292889452841519524,158976578,102990456840906785,2006254323011427692135722523365249,202799,55343634123151868132,-1,137630764405619106,197190,208390,1327992052961,850740023245697760479
16788493,1290103341774,875085135817154624333,243650661,169406654794133946,2019374847385578618148295307417157,202929,34754328037348828348,-1,137630764405619106,197190,208390,1327992052961,850740023245697760479
16790893,1302105999955,867501594053662052120,43309770,33625075366235516,2025640439608555905215373109107461,202991,27764452194387654736,-1,137634885083479669,197330,208530,1318808863525,856754855529566984349
16793293,1147001594537,971898234503176078655,470451597,376379330159437578,2085735334812345390004108181670294,203576,10281053249546861749,-1,137634885083479669,197330,208530,1318808863525,856754855529566984349
16795693,1108331232532,998898105436717004620,947618194,723180057635008845,2101277543903371142569046087650198,203724,15779338650653715463,-1,137634885083479669,197330,208530,1318808863525,856754855529566984349
16798093,1249347607500,899753335346077491205,609833583,443700497097425530,2106959308113700778153533621395420,203778,14219397872388777555,-1,137300243694806592,198120,209320,1265135227717,889906993014000634917
16800493,1243569865302,903844034806320606734,1595651535,1141779760985316048,2109319818138384835260869890426967,203801,20620142402133157376,-1,137300243694806592,198120,209320,1265135227717,889906993014000634917
16802893,1522024944844,716585058839844537922,3558321346,2347186905616810365,2001263312331266101760009480864532,202749,67483101846417124590,-1,137300243694806592,198120,209320,1265135227717,889906993014000634917
16805293,1335052649358,840247629996215101239,3144775686,1938744186786576683,1997977754930430005611780408805488,202716,29971833114987274659,-1,137152852257958853,197150,208350,1326123736094,846122703153085794216
16807693,1270033848864,882096554825605777133,4436700274,2799146193393280940,2022152340896707600552368096975417,202956,13435447101384701661,-1,137152852257958853,197150,208350,1326123736094,846122703153085794216
16810093,1260145478976,888550023136316276523,4956078735,3143503801767224964,2025880272381063270071652714262230,202993,14212164127191277376,-1,137152852257958853,197150,208350,1326123736094,846122703153085794216
16812493,1313539478418,858991441573413154312,227768546,147853315442094361,2025632669010255182950754559806246,202991,14616566805618258802,-1,137549887154285590,197390,208590,1314430828132,859421311645641719731
16814893,1466473445934,761785485825158128390,1292630531,774687364169427237,1969642443073256399293707757405969,202430,12751606384487617235,-1,137549887154285590,197390,208590,1314430828132,859421311645641719731
16817293,1466478708291,761782233488474393245,2596168221,1584545387813097544,1969640569740862887088349199904713,202430,17828849711076162113,-1,137549887154285590,197390,208590,1314430828132,859421311645641719731
16819693,1404837735139,803145781259005471565,586825535,347387735636541573,1950939645380896678497047795242181,202239,13475431935644025231,-1,137626872525551588,196830,208030,1352071894530,835631069968783397822
16822093,1467572000089,765528643753939535415,1801998664,1052646646738784117,1929284450949159028533813173353958,202016,15246408435009322374,-1,137626872525551588,196830,208030,1352071894530,835631069968783397822
16824493,1461218740866,769300181053265113006,2063037506,1209446170767454818,1931455625550428119525778428467442,202039,128719274485274994048,-1,137626872525551588,196830,208030,1352071894530,835631069968783397822
16826893,1512204039870,742994939661569854165,723555617,381234834280399954,1887247453456168397646365541520065,201576,29626815361080170956,-1,137729930364144981,196440,207640,1379862285659,820060788785676834244
16829293,1416514300460,798204135207278071439,1861002569,1067698915848247182,1919006150388726189029743382723252,201909,22607270615986771708,-1,137729930364144981,196440,207640,1379862285659,820060788785676834244
16831693,1427710903562,791648337461429973871,2161533882,1241174342569547998,1915234974378940617583862249405192,201870,33835989632737470294,-1,137729930364144981,196440,207640,1379862285659,820060788785676834244
16834093,1295673115616,872170367742716435056,505612851,330872419621507252,1948523560901142591991294519956883,202215,25765633228180451785,-1,137915663363838688,196270,207470,1393345168409,814223580303190683153
16836493,1294579977763,872831687892737520551,1108620681,698345613302455154,1948903468295573949841547821929792,202219,27115731354541250120,-1,137915663363838688,196270,207470,1393345168409,814223580303190683153
16838893,1303206143153,867620081660798709717,1281191592,800074951228839879,1945909566258391244086763838915600,202188,27516484387486336897,-1,137915663363838688,196270,207470,1393345168409,814223580303190683153
16841293,1380050679395,822379748314748342163,166177985,97728586372111758,1943134104079476297298000350065470,202159,30172497256705513125,-1,137953990786499294,196590,207790,1372027920536,827654513517418522981
16843693,1405674494071,807036537760595429482,333555035,190173177063242800,1934322366395451520026597586803627,202068,27330634525769523443,-1,137953990786499294,196590,207790,1372027920536,827654513517418522981
16846093,1475589779108,765871362378706510829,742248120,408097167981837125,1910680852391467621557603974016414,201822,15503054835487557926,-1,137953990786499294,196590,207790,1372027920536,827654513517418522981
16848493,1386289877792,817909017522691061695,436356494,254748109837021984,1913825794883120715121488641587441,201855,40885678714591795865,-1,137889932782861683,196220,207420,1396920730557,812435510441332025939
16850893,1508990323756,747819098513075315810,859091567,460218448543896268,1873553852023811010917345693716668,201430,21417024958859686146,-1,137889932782861683,196220,207420,1396920730557,812435510441332025939
16853293,1557946489018,720670365706887032602,1310721823,695810225067570783,1857954858163888225465054933687854,201263,37532177148067248517,-1,137889932782861683,196220,207420,1396920730557,812435510441332025939
16855693,1388308960039,814762054252275644066,189857966,117295950202797415,1872534413288413852837792042093853,201419,37240615717246451829,-1,137777337420731371,195660,206860,1435458144114,789408288345286731526
16858093,1348400637935,837208486103787252978,481889258,292170846163502478,1885442120636293886941932394222501,201556,33666069082255268637,-1,137777337420731371,195660,206860,1435458144114,789408288345286731526
16860493,1367938381286,826180949365824485702,584473343,344277907578953499,1879100791291691019763158324467911,201489,50380498193973422967,-1,137777337420731371,195660,206860,1435458144114,789408288345286731526
16862893,1461683074555,774161788639414303647,173727400,84916224894292388,1865366417413535828136571316529986,201342,14679623947034692986,-1,137795757215839385,195890,207090,1418906099956,798168600175916278096
16865293,1429910978914,791870178378371217071,692355656,379103152925414550,1875548176333053101686425348300944,201451,24214167305306599219,-1,137795757215839385,195890,207090,1418906099956,798168600175916278096
16867693,1441410444943,785438596149800854519,971046569,532754733527563679,1871850221821791460592013452802773,201412,23054812745851700404,-1,137795757215839385,195890,207090,1418906099956,798168600175916278096
16870093,1386007855876,817035061875385904161,275259404,165570074898061855,1884202168982464019135528304752779,201543,37883468505060746917,-1,137838493352474492,195810,207010,1425220410302,795545559502038173533
16872493,1356402728421,833865165659713128800,503335792,303969404941111387,1893875941274409017508798877804783,201646,29474014374562619564,-1,137838493352474492,195810,207010,1425220410302,795545559502038173533
16874893,1340378830611,843046812515262587027,642178169,387953952410514727,1899153458399903609543894203210110,201701,27422034623339454047,-1,137838493352474492,195810,207010,1425220410302,795545559502038173533
16877293,1527843611545,737121153055176195927,327634260,147106256979257105,1858993965758700443246923759739889,201274,22722172552100237153,-1,137817116784768599,196100,207300,1404432881101,806978452681011456703
16879693,1490897373001,757590663502602638795,542889736,277073570696610457,1870761456895878037329634390158846,201400,19089504809644197787,-1,137817116784768599,196100,207300,1404432881101,806978452681011456703
16882093,1485882017779,760389340003074074678,632180155,328031402714298813,1872370357167318843732791568099919,201417,27215453723023552350,-1,137817116784768599,196100,207300,1404432881101,806978452681011456703
16884493,1447818489885,781808644331085102700,209429209,109397805464372499,1864839559416753894662040568427029,201337,35676363849812170938,-1,137783994368875932,195820,207020,1424274172230,795459265874746949272
16886893,1342408415330,841278595096171667551,885717824,523989863933767983,1899035802206155152772818014132262,201700,37116764493497226511,-1,137783994368875932,195820,207020,1424274172230,795459265874746949272
16889293,1368039615570,826618258976773208473,969808878,564715343167253211,1890605857219425876453411794713399,201611,33299483686199784626,-1,137783994368875932,195820,207020,1424274172230,795459265874746949272
16891693,1528942277206,737065246755605235015,458109230,219875704764630963,1852493753617886337043026011769478,201204,13804575596398051155,-1,137825030942267809,196010,207210,1410814899043,803364927218646588386
16894093,1508300115665,748390111823890955055,762420124,388616799635951299,1859003806573782976333495835538075,201274,39295642447777720982,-1,137825030942267809,196010,207210,1410814899043,803364927218646588386
16896493,1482235751340,762803959079349566662,820730302,428075675791629482,1867289548466992577057005723313045,201363,32937120956009379726,-1,137825030942267809,196010,207210,1410814899043,803364927218646588386
16898893,1336535881792,844559518370188703454,347507023,221907802304950882,1896642648112868247102396115636342,201675,24233696517531988297,-1,137795473691645579,195760,206960,1428522552864,793507920788536997724
16901293,1349958591751,836885187718042587802,563411301,341647639780074559,1892230143842538962794296122044927,201628,34724547335744701713,-1,137795473691645579,195760,206960,1428522552864,793507920788536997724
16903693,1339382558807,842928963851290003687,612248285,372556204063780188,1895705129376216836233128860334924,201665,25925111156348859670,-1,137795473691645579,195760,206960,1428522552864,793507920788536997724
16906093,1407192212433,803682173684840655999,86355053,49093967876562860,1895468888126223824835557785192049,201662,34438399924315230689,-1,137709360094933365,196070,207270,1406474895087,805219691830374289847
16908493,1416572701018,798321832504675346014,201654180,112851499148089881,1892384929404309278913321598820777,201630,26662841355191126583,-1,137709360094933365,196070,207270,1406474895087,805219691830374289847
16910893,1453323004153,777488381543858298799,271458075,141921050605785048,1880398844817766358488276671574998,201503,18604182005482649221,-1,137709360094933365,196070,207270,1406474895087,805219691830374289847
16913293,1406446643106,803364061008364339759,132897316,77548015853841774,1883362348071025335911664173775340,201534,90779205749633850142,-1,137648161477939898,195900,207100,1417030853161,798215376990095304676
16915693,1398535031863,807840857218646062765,215571809,126467429432254062,1885939123044865338651803232108216,201562,22246775841167700836,-1,137648161477939898,195900,207100,1417030853161,798215376990095304676
16918093,1396951357205,808738453605184943396,280058647,163606679698588621,1886455765705554388645793733513612,201567,19792138317128252983,-1,137648161477939898,195900,207100,1417030853161,798215376990095304676
16920493,1330731091967,846674067734325818449,298811382,196708954667958316,1913361826165981998650777791068365,201850,420096796061999236538,-1,137623003328652531,195970,207170,1412009838515,800519300177264837451
16922893,1326690516320,849032298631727669264,412467655,264285873688452079,1914719435695395707621263959506723,201865,23513061342396019674,-1,137623003328652531,195970,207170,1412009838515,800519300177264837451
16925293,1335892415983,843666585981417521961,511121500,319013615658323326,1911630449526067508614929997569002,201832,32009346669101707455,-1,137623003328652531,195970,207170,1412009838515,800519300177264837451
16927693,1465013208930,768933428725059024788,181475099,83343349629785631,1887410975722912979616933643167560,201577,27531206900162117052,-1,137577520403493895,196230,207430,1393050056969,810989877414377126307
16930093,1493298439083,752959504653711739504,319412137,152989860202998854,1878211909999069034045285451835858,201480,28178278376685982255,-1,137577520403493895,196230,207430,1393050056969,810989877414377126307
16932493,1540696193615,726538142778108179297,510047754,245388421056121651,1862996372268856058147355545864227,201317,25596353122253581648,-1,137577520403493895,196230,207430,1393050056969,810989877414377126307
16934893,1421200082895,792459906171246097316,111102227,63386786684993920,1865098807685505518014138889504539,201339,32974878992504500320,-1,137424205178253907,195720,206920,1427788053117,789457207785515245950
16937293,1390830989805,809377615075939029959,286167138,168852228420736462,1874852249509902024286252375489369,201444,30327778799339271916,-1,137424205178253907,195720,206920,1427788053117,789457207785515245950
16939693,1420145857578,793044233769615145858,413525057,231729861286754846,1865435685762152226107609019238348,201343,24393723787971059873,-1,137424205178253907,195720,206920,1427788053117,789457207785515245950
16942093,1382298505913,813789261376714901518,120927137,79332613381986417,1878925608223555716898801248329583,201487,26533201426280557198,-1,137388747783494815,195740,206940,1425750814713,790396524556316486121
16944493,1425166941543,789856335020268678390,207996521,115853843273584368,1865124173903777770306675808675711,201340,35951014248348428908,-1,137388747783494815,195740,206940,1425750814713,790396524556316486121
16946893,1404130596759,801556577585539705513,271115634,156894218165066638,1871871369248176780184769693959933,201412,37436802542522842323,-1,137388747783494815,195740,206940,1425750814713,790396524556316486121
16949293,1473794600491,762663483527062637733,198906138,93723041102873538,1854474154826597724041201772180065,201225,22522639077830747713,-1,137360889917227079,195810,207010,1420315685953,792825698317897411875
16951693,1473976193528,762563996109913157502,266947498,130922774867519628,1854416771642353699396290313494474,201225,26252000786266041532,-1,137360889917227079,195810,207010,1420315685953,792825698317897411875
16954093,1477266065469,760762675049128412325,300636256,148493189542337361,1853377790620679915001255455746752,201213,104355133087610728007,-1,137360889917227079,195810,207010,1420315685953,792825698317897411875
16956493,1410408698303,796764912511945904621,94840001,58330252411483273,1860321562015453224979957136398285,201288,28699244804547559788,-1,137285403066309933,195610,206810,1434013006651,784732846838921636620
16958893,1417474077123,792874211759991789698,125543232,73262370027248933,1858076217174812720667177357056662,201264,105272424743025279324,-1,137285403066309933,195610,206810,1434013006651,784732846838921636620
16961293,1416775906116,793258256208481765419,145581682,84446744070279820,1858297851342015247427690691129374,201266,105417608130821499190,-1,137285403066309933,195610,206810,1434013006651,784732846838921636620
16963693,1371554370398,817851447151285686975,71590622,55904213517351246,1876885473190147563240752303796040,201465,28964693264215756029,-1,137230990144319457,195670,206870,1429497575103,786420642495879379059
16966093,1363383703874,822443288297246133798,157632193,106521639124512891,1879536500747182932687720021026235,201494,30078152802344604242,-1,137230990144319457,195670,206870,1429497575103,786420642495879379059
16968493,1407839757732,797614905593002572181,230726136,134725986861461019,1865202222915408611311900067332084,201341,28491079945485602463,-1,137230990144319457,195670,206870,1429497575103,786420642495879379059
16970893,1396043976523,804229815809293507174,172801600,103125833762024812,1873953239802948018506596707862159,201434,28935396807838964348,-1,137228878781767528,195740,206940,1423718687898,789072424834175867907
16973293,1424613453929,788325048395373067934,324391449,179620430456278675,1864770730198496713005086759217376,201336,29481905048757855612,-1,137228878781767528,195740,206940,1423718687898,789072424834175867907
16975693,1527650985468,732235858805522336393,518495556,256632086900753042,1832388016971020470175285816396883,200986,30777592368250657170,-1,137228878781767528,195740,206940,1423718687898,789072424834175867907
16978093,1461905110119,766976435075324048655,156018007,79925664083278505,1828333748823952944032808934459252,200941,28869931804776653874,-1,137123180954010258,195390,206590,1448758008685,774946226423042541249
16980493,1515646352837,738613623760244398454,322204932,153229098232448022,1811946049759516771171250361985470,200761,34392017857879363515,-1,137123180954010258,195390,206590,1448758008685,774946226423042541249
16982893,1521943517413,735323437266091346634,434621083,210257437965812883,1810045018668731154479893167058439,200740,32726665775491333004,-1,137123180954010258,195390,206590,1448758008685,774946226423042541249
16985293,1453644281242,771252080117308264934,172121043,93657369666693434,1813627010938985724414903226958531,200780,32720668529810091608,-1,137114252021490364,195140,206340,1465790605622,765052994147180347550
16987693,1421484817191,788194818350802806143,245120122,140619660370435641,1823416963466966227479678393563849,200887,20085116196569678279,-1,137114252021490364,195140,206340,1465790605622,765052994147180347550
16990093,1395250722179,802151928441402491452,372941723,215931514589360319,1831481742803793995585792078736934,200976,30987298192987811403,-1,137114252021490364,195140,206340,1465790605622,765052994147180347550
16992493,1438496437465,778524957112325735007,96735683,54459504135408955,1834593443151240509391725083048150,201010,33333972185575653560,-1,137038038183136044,195380,206580,1448551298063,774069400002578022656
16994893,1444356347983,775386026771896745016,146955807,79690490980683302,1832778679262106935972243512621390,200990,33649294855747626560,-1,137038038183136044,195380,206580,1448551298063,774069400002578022656
16997293,1428412697140,783941008541302701455,242242224,135353833371724261,1837724718295643491503005116696242,201044,23735083850713252332,-1,137038038183136044,195380,206580,1448551298063,774069400002578022656
16999693,1454645115091,769099385502603870940,45132932,20640087835122579,1833524003526270749925377059830047,200998,23894243242605084111,-1,136970138439127653,195440,206640,1442986621558,776361607236010371828
17002093,1468561430745,761663745562781237988,89946363,40913575848290138,1829222977797136105050387482724668,200951,22070887161271239430,-1,136970138439127653,195440,206640,1442986621558,776361607236010371828
17004493,1456827836111,767930822508471048487,112257486,55982667669381132,1832848067151653910251752371155888,200991,27980339715259702852,-1,136970138439127653,195440,206640,1442986621558,776361607236010371828
17006893,1425336546482,784683836077438114915,33003307,23186387304429837,1839115902946137112232191667093578,201059,110467404502425433723,-1,136956727816387493,195390,206590,1445980629543,773849023638815867188
17009293,1395977955590,800582502162246467510,96498383,65609539206535553,1848313129839699761950575930883284,201159,63227250678744894075,-1,136956727816387493,195390,206590,1445980629543,773849023638815867188
17011693,1397954583759,799507100484722350535,146126077,92090114486733518,1847691020212568334437045139735489,201152,28626058623690956074,-1,136956727816387493,195390,206590,1445980629543,773849023638815867188
17014093,1464779885326,762845079619211907638,82070656,35607499499638911,1837768767122146181534126608719333,201044,28391654510842007990,-1,136906773373549280,195550,206750,1434134719897,779990796650913689699
17016493,1468566303647,760809103705448922933,127465368,59004221555882323,1836590544696798259208926481377709,201031,28393811313281910446,-1,136906773373549280,195550,206750,1434134719897,779990796650913689699
17018893,1466244070321,762057470396197450855,182470673,89214745174384025,1837312976440786227451959439981586,201039,28384801379067632012,-1,136906773373549280,195550,206750,1434134719897,779990796650913689699
17021293,1524069715033,731678480672376974618,168053053,66892132766141363,1812064062393808307437859773104184,200762,34599352350292223935,-1,136910106244718030,195440,206640,1441807366255,775379575913754877710
17023693,1540475880182,723119809274750572312,293341294,127778509093043299,1807111266526531044160386815642729,200708,32397787453241050009,-1,136910106244718030,195440,206640,1441807366255,775379575913754877710
17026093,1515650153331,736088989421192068450,363213093,170744064402263192,1814616368527419157124644842774436,200791,24694169042079181625,-1,136910106244718030,195440,206640,1441807366255,775379575913754877710
17028493,1442503441962,774570392956868932648,99270951,56721875484150565,1819718244847806506344375128495552,200847,33200643464522289505,-1,136884938740325818,195190,206390,1459754327795,765755723965278411840
17030893,1401401146094,796403761384634054428,197251897,120029458489115651,1832355264507875104990263379911800,200985,79563901045899134252,-1,136884938740325818,195190,206390,1459754327795,765755723965278411840
17033293,1468581090193,760873520812661312588,419907755,219233197462301797,1811790579305018109228807411220329,200759,25891253669559506878,-1,136884938740325818,195190,206390,1459754327795,765755723965278411840
17035693,1456634958914,767542576671825794090,162104341,86104358817243419,1813474916981388500296724695631506,200778,35109763910155056431,-1,136921989656588526,195160,206360,1462196080596,764649557933218110791
17038093,1585770648717,701315650576139692410,402524671,176087591356535034,1775153551094950617022454663952380,200351,50936225892331105333,-1,136921989656588526,195160,206360,1462196080596,764649557933218110791
17040493,1621418411279,683523889245333622778,796870546,364034877625714078,1764858575381644668027164749268240,200234,25883434352080040185,-1,136921989656588526,195160,206360,1462196080596,764649557933218110791
17042893,1645559534157,672839247302175971777,398721272,155574377872888689,1723394249788292895086215656004879,199759,16705980335531957702,-1,136736718737694043,194630,205830,1500189841939,744400869414527050403
17045293,1651016956995,670259240592361182785,511987194,207844355031509071,1721899339037324660071964453776912,199742,23544603024404269246,-1,136736718737694043,194630,205830,1500189841939,744400869414527050403
17047693,1614454420312,687630203104200224735,819781211,364438817872878877,1731964444106558580190979178246233,199858,19123940746702487824,-1,136736718737694043,194630,205830,1500189841939,744400869414527050403
17050093,1516529695538,734871320156165672364,105660248,52983432053356195,1734994559117245025955300072593438,199893,21014053653387577959,-1,136704604408866492,194260,205460,1527451257390,729938273993340178145
17052493,1546497146746,720568982152706891615,164577892,73889605040071277,1726705533560484213280539738162748,199797,39178145986967884121,-1,136704604408866492,194260,205460,1527451257390,729938273993340178145
17054893,1525074840398,730779067679235152295,250318936,119844033216686990,1732622863988952599543174756023699,199866,41618696985386746640,-1,136704604408866492,194260,205460,1527451257390,729938273993340178145
17057293,1537047295581,724463698606714638729,68285646,30216565157352129,1729789386153493623950474160004736,199833,41566392061204966711,-1,136648638098841039,194270,205470,1526811833769,730187563450867850297
17059693,1526552986276,729474531884113761742,101901622,48771389541329920,1732694640964350232041069177223713,199867,47913315547655392731,-1,136648638098841039,194270,205470,1526811833769,730187563450867850297
17062093,1568648492186,709475703318084010687,279979701,123029207347683519,1721099425221488353189891201764648,199732,25939036928636510267,-1,136648638098841039,194270,205470,1526811833769,730187563450867850297
17064493,1501069879748,741066076632768466922,101594203,56382950597389069,1730425535790789025343329369317934,199840,84226560686696467795,-1,136602235863719515,194130,205330,1536303697878,724986345448046493097
17066893,1459189642251,761178929508745949011,203425744,115379199607198834,1742090823450305695924030790038635,199975,20844038748010315137,-1,136602235863719515,194130,205330,1536303697878,724986345448046493097
17069293,1475544391183,753292426038038658825,313849188,164585140837354037,1737516716923455956944533512995695,199922,22229631086710910683,-1,136602235863719515,194130,205330,1536303697878,724986345448046493097
17071693,1544231177063,719993605272021561061,71263245,28470303892863640,1730766083655708343444734066703066,199844,36539066671861308329,-1,136553732499051813,194320,205520,1521219539907,731628662054628394410
17074093,1559473700162,712737280126420677211,157551681,65778366258392552,1726555980443070039159952507888688,199796,35536510156520402450,-1,136553732499051813,194320,205520,1521219539907,731628662054628394410
17076493,1537013484842,723442005737858419988,283327718,131392370627571512,1732766837699714314463325776862977,199867,37109298470814664918,-1,136553732499051813,194320,205520,1521219539907,731628662054628394410
17078893,1506689294349,737775346936208719839,60489811,33282648943636594,1737867063230383448494582264006804,199926,22852164113508371790,-1,136533842310915086,194270,205470,1525010438709,729447270697695241269
17081293,1393845612541,793071733535045824884,400676549,231611499545750739,1769954573768084157870930124233280,200292,17104829211212660234,-1,136533842310915086,194270,205470,1525010438709,729447270697695241269
17083693,1340871504659,819740902654633150858,583593647,337467071515261698,1785430218702440089576230999440336,200466,32928072902685641739,-1,136533842310915086,194270,205470,1525010438709,729447270697695241269
17086093,1458852096871,759703158243266281038,220516992,118403844990111213,1791130596204144629575803158058839,200530,31609956780433204925,-1,136331764556241750,194870,206070,1478105616109,750640618054788528382
17088493,1475095053895,751423884604244359639,360555412,185693070409282949,1786319159636096030225212098011542,200476,31819124613840472863,-1,136331764556241750,194870,206070,1478105616109,750640618054788528382
17090893,1437236161724,770790536841071436975,624138882,331403224320120317,1797573941496882318261806153126985,200602,19016595578299678234,-1,136331764556241750,194870,206070,1478105616109,750640618054788528382
17093293,1413503299065,783345456505231705378,123763240,77810252952703835,1813674017516410330565374127598210,200780,47596730716535128368,-1,136330829581985508,195000,206200,1467916726330,755641460221318908963
17095693,1415456776328,782322104077349941459,285304602,161719554126312662,1813079299999366064731440400963616,200774,32817112879425924415,-1,136330829581985508,195000,206200,1467916726330,755641460221318908963
17098093,1318533434588,833919362926367669687,596681339,354593774321995637,1843064858085640006490336480567813,201102,31258591601745406912,-1,136330829581985508,195000,206200,1467916726330,755641460221318908963
17100493,1436154876268,770381339240938715967,50723128,25510378678160028,1840932825678684798029916968471892,201079,29230661271567328080,-1,136207420949236098,195500,206700,1430359110523,774046685331522403429
17102893,1455906192495,759753330509002733425,116166551,55454150927774131,1834750801254841781789679522737239,201011,20720400316710326309,-1,136207420949236098,195500,206700,1430359110523,774046685331522403429
17105293,1473481645794,750355973309824943026,187152507,88600984357422545,1829284613449564013981949487959158,200952,20696937528132592462,-1,136207420949236098,195500,206700,1430359110523,774046685331522403429
17107693,1439029702498,768397096861097222734,63556740,34304067627495629,1829504487965059719366663033072004,200954,20785272225180425087,-1,136167078537282742,195350,206550,1440683840055,768019205095502170855
17110093,1411580414973,783102102526196861462,113180959,68200344408871308,1838060525085946464369574926863464,201047,91358497246884658322,-1,136167078537282742,195350,206550,1440683840055,768019205095502170855
17112493,1419440362970,778877372835401658651,212596551,119705397251961069,1835602386348472458120018720141480,201021,21577813215316209023,-1,136167078537282742,195350,206550,1440683840055,768019205095502170855
17114893,1416552159331,780430908638487847555,133897491,76945381374681360,1841370075408523496193931093881358,201083,20974301633325761031,-1,136161956938395012,195420,206620,1435439941332,770518526421065117416
17117293,1392492353571,793480662516885599842,289772721,167854538795705319,1848963297805559320431785741395856,201166,18580805209026133260,-1,136161956938395012,195420,206620,1435439941332,770518526421065117416
17119693,1404512886779,786947441989985039515,431064319,241723199265603477,1845161831747892460157404438527629,201124,22150021451797380314,-1,136161956938395012,195420,206620,1435439941332,770518526421065117416
17122093,1385516874512,796681801988398133454,74021286,51593262264316838,1858015075843195659357831468132895,201263,15800114187188792766,-1,136092729617200396,195520,206720,1428136203797,774603376619808075586
17124493,1386384291927,796204819399374330793,188792992,114479731223135481,1857737394190502316950922736598712,201260,23601880273777518880,-1,136092729617200396,195520,206720,1428136203797,774603376619808075586
17126893,1471415692169,750129072562250950113,391036580,200513137637073042,1830913795540921437900440318852754,200969,17533724975326910196,-1,136092729617200396,195520,206720,1428136203797,774603376619808075586
17129293,1435827530554,769517392489605696847,53388836,29269470068337289,1831711574677580878540633340017357,200978,104602448709519194688,-1,136114726172307164,195370,206570,1438392855501,768164341981317041232
17131693,1559478747598,704784262584416686251,383716685,167911480948837370,1794032426503026182825274303718221,200562,13991691426574998319,-1,136114726172307164,195370,206570,1438392855501,768164341981317041232
17134093,1519008943549,725675602139354965324,932028267,472698535566168966,1806192627621192038029689833472341,200698,19582548415113195829,-1,136114726172307164,195370,206570,1438392855501,768164341981317041232
17136493,1395150030110,790878229125763610783,221061639,132900622348019537,1825577007896534116370444907748076,200911,22737453703045396286,-1,136118632490807889,195100,206300,1458549388003,758036472603844008377
17138893,1419493141296,778006666421200462623,417432386,230546861925765033,1818085085276472975997068916190563,200829,58435191525936819152,-1,136118632490807889,195100,206300,1458549388003,758036472603844008377
17141293,1436651746757,768997247702932325849,571024440,306183411773871170,1812841132429545821878652076188759,200771,22976537977765383251,-1,136118632490807889,195100,206300,1458549388003,758036472603844008377
17143693,1453044094955,760658291827354144703,71493343,37278357781015432,1812711868590292023301441756171010,200770,23155684873725345639,-1,136137710030868758,195170,206370,1453302683532,760880405816973425780
17146093,1416637949630,779833429185460571463,191084098,109971099520397061,1823871237280252515899255454291051,200892,21966145857550742544,-1,136137710030868758,195170,206370,1453302683532,760880405816973425780
17148493,1423144333981,776389205543861536849,248159017,138385821544266939,1821866799932582974876902771292324,200870,19350706656086552391,-1,136137710030868758,195170,206370,1453302683532,760880405816973425780
17150893,1461151945731,756375094170399854432,49995764,22193536152749353,1817085636439961105880284697232283,200818,21205650478267001067,-1,136137865063243019,195270,206470,1445955290557,764590574246543224310
17153293,1449225199017,762661278526735953873,100398056,51812371238952629,1820744007573863170613213318292761,200858,25151145373971714599,-1,136137865063243019,195270,206470,1445955290557,764590574246543224310
17155693,1455713690630,759238278243510642158,139679932,70753780700527884,1818751923868130291192580037018027,200836,23201665827407882421,-1,136137865063243019,195270,206470,1445955290557,764590574246543224310
17158093,1458794120404,756970447992109378938,36596118,16509716869033157,1815559185082835064650706096620681,200801,23439234498524721077,-1,136078938289254666,195240,206440,1448369745849,763250694217806831945
17160493,1488605397693,741394035111875854301,142009538,63659269058109901,1806490253574557191514377444370836,200701,18223156085778551047,-1,136078938289254666,195240,206440,1448369745849,763250694217806831945
17162893,1359846788216,809810496464982796728,266218831,163958256759227922,1846323828019507628624233928132133,201137,14998653983781463149,-1,136078938289254666,195240,206440,1448369745849,763250694217806831945
17165293,1436025585144,768152785287722319017,104780082,53987934087599464,1843085758743004734801730246017688,201102,17414664400631401187,-1,136006239917898138,195540,206740,1425772108747,774295429264564886408
17167693,1420114489775,776786854758834005795,253052617,138952531756313780,1848115391645360003823924286778574,201156,18280715543818545090,-1,136006239917898138,195540,206740,1425772108747,774295429264564886408
17170093,1405326430981,784853873621995706650,415404947,232152581537973944,1852814698690992858890555244569166,201207,17131953905793265224,-1,136006239917898138,195540,206740,1425772108747,774295429264564886408
17172493,1420002101148,776742915215628275573,68834560,37795198346049412,1853015513560325868358334018301204,201209,34988501649265584609,-1,135996391819072625,195610,206810,1420632320582,776938240144800220598
17174893,1474128278123,747408166795532865359,237671320,114318974289636504,1835925808575840885529121033575012,201024,18852733560400193353,-1,135996391819072625,195610,206810,1420632320582,776938240144800220598
17177293,1472931475088,748050946774419283607,349449846,174349449148397027,1836300276427134175942208723377365,201028,20636230534609944430,-1,135996391819072625,195610,206810,1420632320582,776938240144800220598
17179693,1442728027712,764320864368141690459,45650625,21885123699929800,1833277481500125737946016450146394,200995,22571290243570343665,-1,135982309624290483,195430,206630,1433054190424,769822933712835905476
17182093,1466015654800,751901341840991811212,258161014,129395105975180451,1826041422987446746055788022428144,200916,16914179880210253747,-1,135982309624290483,195430,206630,1433054190424,769822933712835905476
17184493,1495475952486,736329640819112359515,438410491,216862332272254074,1816968792418119935061754568303385,200817,22591746054351699412,-1,135982309624290483,195430,206630,1433054190424,769822933712835905476
17186893,1464236395115,752511168173998166428,61742322,28195687010252919,1812055267177856015382878070222128,200762,20455273002903525569,-1,135934216529512206,195220,206420,1448163923918,761646573859603546215
17189293,1406416516210,783053806782072583211,179601404,105915746572554247,1829856797925852799331361108770026,200958,30610188990163041055,-1,135934216529512206,195220,206420,1448163923918,761646573859603546215
17191693,1446528164035,761802004054510507946,269159875,142829949126797003,1817470355989397286009449287701462,200822,33210824833290525638,-1,135934216529512206,195220,206420,1448163923918,761646573859603546215
17194093,1457118456726,755928362411595866422,60850646,29129571700444106,1814137001524574262571411310198854,200785,21318385020188135845,-1,135906439013332959,195220,206420,1447364283855,761646333409627784788
17196493,1571807474413,696936643986043629165,530796330,239634626535850554,1779747126487403611674845443397727,200403,15568924383352753821,-1,135906439013332959,195220,206420,1447364283855,761646333409627784788
17198893,1556947392076,704453680606796768792,740800559,348786521879311246,1784129266166276952460428329401214,200452,17254683720215989043,-1,135906439013332959,195220,206420,1447364283855,761646333409627784788
17201293,1409773772948,779610624605346396547,162265975,99457348485520631,1802949273664847183447004593441332,200662,19313243128572211810,-1,135852451299938607,194850,206050,1473753153416,747339976507113097463
17203693,1369773890007,800464475818402054406,464981266,270434696596436532,1815111088171296275444390649943628,200796,19999258613219647438,-1,135852451299938607,194850,206050,1473753153416,747339976507113097463
17206093,1349312233791,811241260648507848572,550332334,320696276885651942,1821396030781686010096543012433218,200865,30609374101199681576,-1,135852451299938607,194850,206050,1473753153416,747339976507113097463
17208493,1463323052495,750589339930685223142,66469316,29473697929305826,1815053879404873234094099548397634,200795,20360547195897928692,-1,135722954277017301,195270,206470,1442694175580,762471969636790603269
17210893,1479401273413,742173822387382318531,186346072,87793794133520470,1810141327986329961292209849428546,200741,19915110812306045910,-1,135722954277017301,195270,206470,1442694175580,762471969636790603269
17213293,1403460165327,782327970109517093681,358371072,199467064846245425,1833581278570206873410605667834479,200999,20612075528956792669,-1,135722954277017301,195270,206470,1442694175580,762471969636790603269
17215693,1425542192335,770661621747584876309,136823022,75531041853970030,1835732684557620322577520888766321,201022,30693093806635458968,-1,135728055869008294,195400,206600,1432415439765,767202762363528384869
17218093,1388047560372,790920600245508532268,339964310,195587927864207322,1847558402022810814519761732009100,201150,18739864249501604381,-1,135728055869008294,195400,206600,1432415439765,767202762363528384869
17220493,1396449005070,786358501046343902691,438599636,246761168198895617,1844895380479892346767522529770721,201122,20693414077565608489,-1,135728055869008294,195400,206600,1432415439765,767202762363528384869
17222893,1433422240686,766300506512643695917,89329981,45598612699652097,1841558490420471318906360798282453,201085,22413976471724246510,-1,135718446561857808,195520,206720,1423778181894,772016624633324522512
17225293,1434098858549,765934991682226984534,185326533,97400210915817917,1841345114353184621785664833689588,201083,22339435505721790040,-1,135718446561857808,195520,206720,1423778181894,772016624633324522512
17227693,1423044387292,771917345584559282307,261327376,141548827626164037,1844837424493765254518546741104718,201121,21957545482856545104,-1,135718446561857808,195520,206720,1423778181894,772016624633324522512
17230093,1470676821860,746237140598573669412,115045572,49071852394984294,1829864169112840323648878384778269,200958,20789046550359478911,-1,135712826210692527,195520,206720,1423625577341,771885379066272865336
17232493,1446977900092,758930081362700801421,337946973,176139920191157303,1837274215765932298338571973108512,201039,23835675929028925191,-1,135712826210692527,195520,206720,1423625577341,771885379066272865336
17234893,1399664797531,784580565020190308243,461924096,256495641221314396,1852248781873855148407856350571286,201201,33609841724898272328,-1,135712826210692527,195520,206720,1423625577341,771885379066272865336
17237293,1403743366949,782478647896149020162,84731232,50178133416507687,1856588831285228640738816542598063,201248,33936118304214985613,-1,135718952711332446,195600,206800,1418034955703,775044082434450147566
17239693,1362556147571,805257627714667213009,395269887,234746167415066829,1869886434007003936205740710780343,201391,17735184640166784539,-1,135718952711332446,195600,206800,1418034955703,775044082434450147566
17242093,1315447298548,831714971726612784309,541049359,329898202722665693,1885331342099779055033514644172357,201555,19082433439783228119,-1,135718952711332446,195600,206800,1418034955703,775044082434450147566
17244493,1406033622531,780004662371052412980,234801340,130920506482115985,1880915928882883051262884070017234,201508,19285519372214746741,-1,135615306620600932,195960,207160,1392655271852,788605559154366546947
17246893,1465151744386,747026323257125115659,440176749,229806240532042154,1861649569679947420898318400811557,201302,25973575948230185130,-1,135615306620600932,195960,207160,1392655271852,788605559154366546947
17249293,1446364656212,757433002483118894513,520157625,279268819100393283,1867729282165924324461383728012860,201368,18524066707844979066,-1,135615306620600932,195960,207160,1392655271852,788605559154366546947
17251693,1401088831577,782695041796667176416,64755167,37026227444252911,1869048929214309313542956813234634,201382,18265906389737217500,-1,135604592918181883,195770,206970,1405150244766,780892857455714247843
17254093,1408542504206,778552282441148755562,146351695,80362905960400583,1866628486038947705104528382510844,201356,18310838730265877178,-1,135604592918181883,195770,206970,1405150244766,780892857455714247843
17256493,1417962228740,773332112651822234142,191604989,102886512445005404,1863578556449392031538434625661268,201323,27420357340978417904,-1,135604592918181883,195770,206970,1405150244766,780892857455714247843
17258893,1424175380938,769260273063273183362,54598403,25327150440269688,1857870207979672951132848076883101,201262,28684533318695592725,-1,135545646526888392,195720,206920,1408042813084,779026267371108337630
17261293,1390505475218,787883314678765576361,106235886,63250520277567689,1868755613785232690185652557661677,201379,20097267437575475732,-1,135545646526888392,195720,206920,1408042813084,779026267371108337630
17263693,1444827024117,757944680067439376578,219008599,110444807214906847,1851256099273191187753267917130117,201190,29915981331513473191,-1,135545646526888392,195720,206920,1408042813084,779026267371108337630
17266093,1409456732837,777261940487063037764,57934567,33583726990247053,1853452795145678329084733845153456,201214,31145276952549664366,-1,135537039257205269,195590,206790,1416735362456,773504013443790035092
